user_id,name,email
user_6_0,User_0,broken_email_0.com
user_6_1,User_1,user_1@example.com
user_6_2,,user_2@example.com
user_6_3,User_3,user_3@example.com
user_6_4,User_4,user_4@example.com
user_6_5,User_5,user_5@example.com
user_6_6,User_6,user_6@example.com
user_6_7,User_7,user_7@example.com
user_6_8,User_8,user_8@example.com
user_6_9,User_9,user_9@example.com
user_6_10,User_10,user_10@example.com
user_6_11,User_11,user_11@example.com
user_6_12,User_12,user_12@example.com
user_6_13,User_13,user_13@example.com
user_6_14,User_14,user_14@example.com
user_6_15,User_15,user_15@example.com
user_6_16,User_16,user_16@example.com
user_6_17,User_17,user_17@example.com
user_6_18,User_18,user_18@example.com
user_6_19,User_19,user_19@example.com
user_6_20,User_20,user_20@example.com
user_6_21,User_21,broken_email_21.com
user_6_22,User_22,user_22@example.com
user_6_23,User_23,user_23@example.com
user_6_24,User_24,user_24@example.com
user_6_25,User_25,user_25@example.com
user_6_26,User_26,user_26@example.com
user_6_27,User_27,user_27@example.com
user_6_28,User_28,user_28@example.com
user_6_29,User_29,user_29@example.com
user_6_30,User_30,user_30@example.com
user_6_31,User_31,user_31@example.com
user_6_32,User_32,user_32@example.com
user_6_33,User_33,user_33@example.com
user_6_34,User_34,user_34@example.com
user_6_35,User_35,user_35@example.com
user_6_36,User_36,user_36@example.com
user_6_37,User_37,broken_email_37.com
user_6_38,User_38,user_38@example.com
user_6_39,User_39,user_39@example.com
user_6_40,User_40,user_40@example.com
user_6_41,User_41,user_41@example.com
user_6_42,User_42,user_42@example.com
user_6_43,User_43,user_43@example.com
user_6_44,User_44,user_44@example.com
user_6_45,User_45,broken_email_45.com
user_6_46,User_46,user_46@example.com
user_6_47,User_47,user_47@example.com
user_6_48,User_48,user_48@example.com
user_6_49,,user_49@example.com
user_6_50,User_50,user_50@example.com
user_6_51,User_51,user_51@example.com
user_6_52,,user_52@example.com
user_6_53,User_53,user_53@example.com
user_6_54,User_54,user_54@example.com
user_6_55,User_55,broken_email_55.com
user_6_56,User_56,user_56@example.com
user_6_57,User_57,user_57@example.com
user_6_58,User_58,user_58@example.com
user_6_59,User_59,user_59@example.com
user_6_60,User_60,user_60@example.com
user_6_61,User_61,user_61@example.com
user_6_62,User_62,user_62@example.com
user_6_63,User_63,user_63@example.com
user_6_64,User_64,user_64@example.com
user_6_65,User_65,user_65@example.com
user_6_66,User_66,user_66@example.com
user_6_67,User_67,user_67@example.com
user_6_68,User_68,user_68@example.com
user_6_69,User_69,user_69@example.com
user_6_70,User_70,user_70@example.com
user_6_71,User_71,user_71@example.com
user_6_72,,user_72@example.com
user_6_73,User_73,user_73@example.com
user_6_74,User_74,user_74@example.com
user_6_75,User_75,user_75@example.com
user_6_76,,user_76@example.com
user_6_77,User_77,user_77@example.com
user_6_78,User_78,user_78@example.com
user_6_79,User_79,user_79@example.com
user_6_80,User_80,user_80@example.com
user_6_81,User_81,broken_email_81.com
user_6_82,User_82,user_82@example.com
user_6_83,User_83,user_83@example.com
user_6_84,,user_84@example.com
user_6_85,User_85,broken_email_85.com
user_6_86,User_86,user_86@example.com
user_6_87,User_87,broken_email_87.com
user_6_88,User_88,user_88@example.com
user_6_89,User_89,user_89@example.com
user_6_90,User_90,user_90@example.com
user_6_91,User_91,user_91@example.com
user_6_92,User_92,user_92@example.com
user_6_93,User_93,user_93@example.com
user_6_94,User_94,user_94@example.com
user_6_95,User_95,user_95@example.com
user_6_96,User_96,user_96@example.com
user_6_97,User_97,user_97@example.com
user_6_98,User_98,user_98@example.com
user_6_99,User_99,user_99@example.com
